name,label
mask\0003.jpg,0
mask\0004.jpg,0
mask\0006.jpg,0
mask\0015.jpg,0
mask\0017.jpg,0
mask\0018.jpg,0
mask\0024.jpg,0
mask\0027.jpg,0
mask\0029.jpg,0
mask\0033.jpg,0
mask\0037.jpg,0
mask\0040.jpg,0
mask\0043.jpg,0
mask\0048.jpg,0
mask\0054.jpg,0
mask\0055.jpg,0
mask\0059.jpg,0
mask\0062.jpg,0
mask\0063.jpg,0
mask\0066.jpg,0
mask\0067.jpg,0
mask\0071.jpg,0
mask\0074.jpg,0
mask\0085.png,0
mask\0091.jpg,0
mask\0092.png,0
mask\0095.png,0
mask\0096.png,0
mask\0097.png,0
mask\0099.png,0
mask\0100.jpg,0
mask\0106.png,0
mask\0107.png,0
mask\0109.png,0
mask\0110.jpg,0
mask\0112.png,0
mask\0113.jpg,0
mask\0115.jpg,0
mask\0116.png,0
mask\0121.png,0
mask\0125.jpeg,0
mask\0126.jpg,0
mask\0127.jpg,0
mask\0128.png,0
mask\0129.png,0
mask\0130.png,0
mask\0131.jpg,0
mask\0150.jpg,0
mask\0153.jpg,0
mask\0154.jpg,0
mask\0158.jpg,0
mask\0159.jpg,0
mask\0160.jpg,0
mask\0161.jpg,0
mask\0163.jpg,0
mask\0164.jpg,0
mask\0166.jpg,0
mask\0167.png,0
mask\0168.png,0
mask\0170.jpg,0
mask\0171.jpg,0
mask\0172.jpg,0
mask\0173.jpg,0
mask\0188.jpg,0
mask\0190.jpg,0
mask\0197.png,0
mask\0198.jpg,0
mask\0201.jpg,0
mask\0203.jpg,0
mask\0205.jpg,0
mask\0211.jpg,0
mask\0212.jpg,0
mask\0213.jpg,0
mask\0216.jpg,0
mask\0223.jpg,0
mask\0235.png,0
mask\0241.jpg,0
mask\0243.jpg,0
mask\0246.jpg,0
mask\0247.jpg,0
mask\0248.jpg,0
mask\0249.jpg,0
mask\0250.png,0
mask\0254.jpg,0
mask\0257.jpg,0
mask\0258.jpg,0
mask\0267.jpg,0
mask\0268.jpg,0
mask\0269.jpg,0
mask\0273.jpg,0
mask\0277.jpg,0
mask\0286.jpg,0
mask\0294.jpg,0
mask\0300.jpg,0
mask\0301.jpg,0
mask\0302.jpg,0
mask\0304.jpg,0
mask\0306.jpg,0
mask\0309.jpg,0
mask\0310.jpg,0
mask\0311.jpeg,0
mask\0318.jpg,0
mask\0320.jpg,0
mask\0322.jpg,0
mask\0323.jpg,0
mask\0325.jpg,0
mask\0334.jpg,0
mask\0339.jpg,0
mask\0340.jpg,0
mask\0342.jpg,0
mask\0343.jpg,0
mask\0352.jpg,0
mask\0355.jpeg,0
mask\0369.jpg,0
mask\0370.jpg,0
mask\0372.jpg,0
mask\0376.png,0
mask\0387.png,0
mask\0401.jpg,0
mask\0411.jpg,0
mask\0413.jpg,0
mask\0414.jpg,0
mask\0417.jpg,0
mask\0418.jpg,0
mask\0420.jpeg,0
mask\0421.jpg,0
mask\0422.jpg,0
mask\0427.jpg,0
mask\0445.jpg,0
mask\0450.jpg,0
mask\0451.jpg,0
mask\0462.jpg,0
mask\0465.jpg,0
mask\0466.jpg,0
mask\0469.jpg,0
mask\0470.jpg,0
mask\0473.png,0
mask\0474.png,0
mask\0476.jpg,0
mask\0481.jpg,0
mask\0486.jpg,0
mask\0488.jpg,0
mask\0493.jpg,0
mask\0498.jpg,0
mask\0499.jpg,0
mask\0501.png,0
mask\0502.png,0
mask\0503.png,0
mask\0504.jpg,0
mask\0505.jpg,0
mask\0506.jpg,0
mask\0509.png,0
mask\0514.png,0
mask\0547.jpg,0
mask\0548.jpg,0
mask\0559.jpg,0
mask\0561.jpg,0
mask\0574.jpg,0
mask\0583.jpg,0
mask\0592.jpg,0
mask\0601.jpg,0
mask\0607.jpg,0
mask\0614.jpg,0
mask\0619.jpg,0
mask\0622.jpg,0
mask\0626.jpg,0
mask\0629.jpg,0
mask\0630.jpg,0
mask\0638.jpg,0
mask\0639.jpg,0
mask\0640.jpg,0
mask\0643.jpg,0
mask\0645.jpg,0
mask\0646.jpg,0
mask\0649.jpg,0
mask\0650.jpg,0
mask\0655.jpg,0
mask\0656.jpg,0
mask\0657.jpg,0
mask\0660.jpg,0
mask\0661.jpg,0
mask\0663.jpg,0
mask\0665.jpg,0
mask\0667.jpg,0
mask\0669.jpg,0
mask\0671.jpg,0
mask\0672.jpg,0
mask\0674.jpg,0
mask\0676.jpg,0
mask\0677.jpg,0
mask\0678.jpg,0
mask\0680.jpg,0
mask\0684.jpg,0
mask\0688.jpg,0
mask\0693.jpg,0
mask\0696.jpg,0
mask\0698.jpg,0
mask\0705.jpg,0
mask\0706.jpg,0
mask\0707.jpg,0
mask\0708.jpg,0
mask\0709.jpg,0
mask\0712.jpg,0
mask\0715.jpg,0
mask\0717.jpg,0
mask\0719.jpg,0
mask\0722.jpg,0
mask\0723.jpg,0
mask\0725.jpg,0
mask\0726.jpg,0
mask\0727.jpg,0
mask\0731.jpg,0
mask\0733.jpg,0
mask\0734.jpg,0
mask\0736.jpg,0
mask\0738.jpg,0
mask\0739.jpg,0
mask\0743.jpg,0
mask\0744.jpg,0
mask\0745.jpg,0
mask\0746.jpg,0
mask\0748.jpg,0
mask\0751.jpg,0
mask\0753.jpg,0
mask\0758.jpg,0
mask\0759.jpg,0
mask\0760.jpg,0
mask\0761.jpg,0
mask\0763.jpg,0
mask\0766.jpg,0
mask\0769.jpg,0
mask\0773.jpg,0
mask\0774.jpg,0
mask\0777.jpg,0
mask\0780.jpg,0
mask\0782.jpg,0
mask\0785.jpg,0
mask\0786.jpg,0
mask\0791.jpg,0
mask\0792.jpg,0
mask\0799.jpg,0
mask\0802.jpg,0
mask\0803.jpg,0
mask\0804.jpg,0
mask\0805.jpg,0
mask\0808.jpg,0
mask\0811.jpg,0
mask\0812.jpg,0
mask\0815.jpg,0
mask\0817.jpg,0
mask\0820.jpg,0
mask\0823.jpg,0
mask\0825.jpg,0
mask\0826.jpg,0
mask\0831.jpg,0
mask\0832.jpg,0
mask\0835.jpg,0
mask\0837.jpg,0
mask\0838.jpg,0
mask\0843.jpg,0
mask\0844.jpg,0
mask\0845.jpg,0
mask\0846.jpg,0
mask\0847.jpg,0
mask\0848.jpg,0
mask\0849.jpg,0
mask\0851.jpg,0
mask\0853.jpg,0
mask\0857.jpg,0
mask\0858.jpg,0
mask\0862.jpg,0
mask\0864.jpg,0
mask\0873.jpg,0
mask\0875.jpg,0
mask\0878.jpg,0
mask\0881.jpg,0
mask\0888.jpg,0
mask\0891.jpg,0
mask\0892.jpg,0
mask\0901.jpeg,0
mask\0905.jpg,0
mask\0909.jpg,0
mask\0911.jpg,0
mask\0913.jpg,0
mask\0915.jpg,0
mask\0924.jpg,0
mask\0932.jpg,0
mask\0934.png,0
mask\0938.jpeg,0
mask\0939.jpeg,0
mask\0942.jpg,0
mask\0943.jpg,0
mask\0950.jpg,0
mask\0951.jpg,0
mask\0953.jpg,0
mask\0954.jpg,0
mask\0962.jpg,0
mask\0965.jpeg,0
mask\0968.jpg,0
mask\0971.jpg,0
mask\0972.jpg,0
mask\0973.jpg,0
mask\0976.jpg,0
mask\0977.jpg,0
mask\0985.jpeg,0
mask\0991.jpg,0
mask\0994.jpg,0
mask\0997.jpg,0
mask\0998.jpg,0
mask\1000.jpg,0
mask\1001.jpg,0
mask\1002.jpg,0
mask\1005.jpg,0
mask\1007.jpg,0
mask\1013.jpg,0
mask\1015.jpg,0
mask\1020.jpg,0
mask\1022.jpg,0
mask\1024.jpeg,0
mask\1030.jpg,0
mask\1032.jpg,0
mask\1036.png,0
mask\1037.png,0
mask\1039.jpg,0
mask\1040.jpg,0
mask\1041.jpg,0
mask\1050.jpg,0
mask\1053.jpg,0
mask\1054.jpg,0
mask\1057.jpg,0
mask\1058.jpg,0
mask\1067.jpg,0
mask\1068.png,0
mask\1070.png,0
mask\1083.jpg,0
mask\1087.jpg,0
mask\1092.jpg,0
mask\1095.jpg,0
mask\1096.jpg,0
mask\1103.png,0
mask\1105.jpg,0
mask\1107.jpg,0
mask\1108.jpg,0
mask\1109.jpg,0
mask\1110.jpg,0
mask\1112.jpg,0
mask\1114.png,0
mask\1115.jpg,0
mask\1117.jpg,0
mask\1127.jpg,0
mask\1132.jpg,0
mask\1133.jpg,0
mask\1136.jpg,0
mask\1137.jpg,0
mask\1139.jpg,0
mask\1145.jpg,0
mask\1147.jpg,0
mask\1149.jpg,0
mask\1151.jpg,0
mask\1154.jpg,0
mask\1155.jpg,0
mask\1157.jpg,0
mask\1158.jpg,0
mask\1159.jpg,0
mask\1160.jpg,0
mask\1166.jpg,0
mask\1172.jpg,0
mask\1173.jpg,0
mask\1181.jpg,0
mask\1185.jpg,0
mask\1191.jpg,0
mask\1195.jpg,0
mask\1196.jpg,0
mask\1207.jpg,0
mask\1209.jpg,0
mask\1214.jpg,0
mask\1223.jpg,0
mask\1224.jpg,0
mask\1226.jpg,0
mask\1232.jpg,0
mask\1234.jpg,0
mask\1242.jpeg,0
mask\1243.jpg,0
mask\1244.jpg,0
mask\1246.jpg,0
mask\1255.jpg,0
mask\1258.jpg,0
mask\1261.jpg,0
mask\1263.jpeg,0
mask\1264.jpg,0
mask\1268.jpg,0
mask\1277.jpg,0
mask\1279.jpg,0
mask\1280.jpg,0
mask\1290.jpg,0
mask\1291.jpg,0
mask\1292.jpg,0
mask\1294.jpg,0
mask\1300.jpg,0
mask\1317.jpg,0
mask\1320.jpg,0
mask\1321.png,0
mask\1323.jpg,0
mask\1334.jpg,0
mask\1338.jpg,0
mask\1339.jpg,0
mask\1340.jpg,0
mask\1345.jpg,0
mask\1346.jpg,0
mask\1351.jpg,0
mask\1358.jpg,0
mask\1361.jpg,0
mask\1362.jpg,0
mask\1364.jpg,0
mask\1366.jpg,0
mask\1367.jpg,0
mask\1369.jpg,0
mask\1377.jpg,0
mask\1379.jpg,0
mask\1380.jpg,0
mask\1382.jpg,0
mask\1383.jpg,0
mask\1387.jpg,0
mask\1394.jpg,0
mask\1398.jpg,0
mask\1399.jpg,0
mask\1406.jpg,0
mask\1417.jpg,0
mask\1422.jpg,0
mask\1424.jpg,0
mask\1425.png,0
mask\1430.jpg,0
mask\1439.jpg,0
mask\1453.jpg,0
mask\1456.jpg,0
mask\1459.jpg,0
mask\1462.jpg,0
mask\1463.jpg,0
mask\1465.jpg,0
mask\1471.jpg,0
mask\1472.jpg,0
mask\1473.jpg,0
mask\1486.jpg,0
mask\1487.jpg,0
mask\1488.jpg,0
mask\1490.jpg,0
mask\1491.jpg,0
mask\1492.jpg,0
mask\1493.jpg,0
mask\1494.jpg,0
mask\1495.jpg,0
mask\1498.jpg,0
mask\1500.jpg,0
mask\1502.jpg,0
mask\1507.jpg,0
mask\1511.jpg,0
mask\1512.jpg,0
mask\1515.jpg,0
mask\1517.jpg,0
mask\1518.jpg,0
mask\1523.jpg,0
mask\1530.jpg,0
mask\1531.jpg,0
mask\1537.jpg,0
mask\1539.jpg,0
mask\1544.jpg,0
mask\1548.jpg,0
mask\1554.jpg,0
mask\1555.jpg,0
mask\1558.png,0
mask\1560.jpg,0
mask\1562.jpg,0
mask\1566.jpg,0
mask\1568.jpg,0
mask\1569.jpg,0
mask\1571.jpg,0
mask\1574.jpg,0
mask\1576.jpg,0
mask\1577.jpg,0
mask\1580.jpg,0
mask\1583.jpg,0
mask\1589.jpg,0
mask\1595.jpg,0
mask\1600.jpg,0
mask\1601.jpg,0
mask\1608.jpeg,0
mask\1609.jpg,0
mask\1610.jpg,0
mask\1615.jpg,0
mask\1618.jpg,0
mask\1620.jpg,0
mask\1625.jpg,0
mask\1626.jpg,0
mask\1628.jpg,0
mask\1631.jpg,0
mask\1634.jpg,0
mask\1635.jpg,0
mask\1636.jpg,0
mask\1637.jpg,0
mask\1640.jpg,0
mask\1642.jpg,0
mask\1645.jpg,0
mask\1647.jpg,0
mask\1650.jpg,0
mask\1661.jpg,0
mask\1664.jpg,0
mask\1669.jpg,0
mask\1671.jpg,0
mask\1677.jpg,0
mask\1684.jpg,0
mask\1685.jpg,0
mask\1687.jpg,0
mask\1689.jpg,0
mask\1697.jpg,0
mask\1701.jpg,0
mask\1702.jpg,0
mask\1726.jpg,0
mask\1727.jpg,0
mask\1731.jpg,0
mask\1732.jpg,0
mask\1738.jpg,0
mask\1739.png,0
mask\1742.jpg,0
mask\1743.jpg,0
mask\1744.jpg,0
mask\1746.jpg,0
mask\1758.jpg,0
mask\1765.jpg,0
mask\1773.jpg,0
mask\1779.jpeg,0
mask\1785.jpg,0
mask\1793.jpg,0
mask\1794.jpg,0
mask\1797.jpg,0
mask\1803.jpg,0
mask\1804.jpg,0
mask\1805.jpg,0
mask\1806.jpg,0
mask\1818.jpg,0
mask\1828.jpg,0
mask\1829.jpg,0
mask\1836.jpg,0
mask\1839.jpg,0
mask\1840.jpg,0
mask\1843.jpg,0
mask\1844.jpg,0
mask\1845.jpg,0
mask\1847.jpg,0
mask\1848.jpg,0
mask\1849.jpg,0
mask\1854.jpg,0
mask\1855.jpg,0
mask\1858.jpg,0
mask\1861.jpg,0
mask\1867.jpg,0
mask\1870.jpg,0
mask\1873.png,0
mask\1874.jpg,0
mask\1879.jpg,0
mask\1880.jpg,0
mask\1882.jpg,0
mask\1885.jpg,0
mask\1886.jpg,0
mask\1887.jpg,0
mask\1889.jpg,0
mask\1891.jpg,0
mask\1894.jpg,0
mask\1895.jpg,0
mask\1896.jpg,0
mask\1899.jpeg,0
mask\1900.png,0
mask\1902.jpg,0
mask\1904.jpg,0
mask\1905.jpg,0
mask\1906.jpg,0
mask\1909.jpg,0
mask\1912.jpg,0
mask\1913.jpg,0
mask\1915.png,0
mask\1917.jpg,0
mask\1918.jpg,0
mask\1920.jpg,0
mask\1925.jpg,0
mask\1926.jpg,0
mask\1954.jpg,0
mask\1959.jpg,0
mask\1961.png,0
mask\1962.png,0
mask\1963.png,0
mask\1973.jpg,0
mask\1976.jpg,0
mask\1987.jpg,0
mask\1999.jpg,0
mask\2001.jpg,0
mask\2004.jpg,0
mask\2012.jpg,0
mask\2013.jpg,0
mask\2018.jpg,0
mask\2025.jpg,0
mask\2040.jpg,0
mask\2043.jpg,0
mask\2059.jpg,0
mask\2063.jpg,0
mask\2069.jpg,0
mask\2070.jpg,0
mask\2072.jpg,0
mask\2073.jpg,0
mask\2080.jpg,0
mask\2083.jpg,0
mask\2085.jpg,0
mask\2086.jpg,0
mask\2090.jpg,0
mask\2091.jpg,0
mask\2099.jpg,0
mask\2100.jpg,0
mask\2106.jpg,0
mask\2110.jpg,0
mask\2114.jpeg,0
mask\2121.jpg,0
mask\2130.jpg,0
mask\2132.jpg,0
mask\2134.jpg,0
mask\2135.jpg,0
mask\2136.jpg,0
mask\2141.jpg,0
mask\2153.png,0
mask\2154.png,0
mask\2155.png,0
mask\2158.png,0
mask\2159.png,0
mask\2160.png,0
mask\2166.png,0
mask\2167.png,0
mask\2168.png,0
mask\2172.png,0
mask\2173.png,0
mask\2174.png,0
mask\2176.png,0
mask\2178.png,0
mask\2179.png,0
mask\2182.png,0
mask\2184.png,0
mask\2187.png,0
mask\2188.png,0
mask\2189.png,0
mask\2190.png,0
mask\2191.png,0
mask\2204.png,0
mask\2215.png,0
mask\2220.png,0
mask\2221.png,0
mask\2225.png,0
mask\2226.png,0
mask\2227.png,0
mask\2233.png,0
mask\2234.png,0
mask\2236.png,0
mask\2245.png,0
mask\2251.png,0
mask\2252.png,0
mask\2254.png,0
mask\2260.png,0
mask\2262.png,0
mask\2263.png,0
mask\2264.png,0
mask\2265.png,0
mask\2268.png,0
mask\2281.png,0
mask\2282.png,0
mask\2292.png,0
mask\2296.png,0
mask\2309.png,0
mask\2314.png,0
mask\2315.png,0
mask\2316.png,0
mask\2317.png,0
mask\2320.png,0
mask\2321.png,0
mask\2323.png,0
mask\2324.png,0
mask\2325.png,0
mask\2328.png,0
mask\2331.png,0
mask\2333.png,0
mask\2334.png,0
mask\2335.png,0
mask\2337.png,0
mask\2339.png,0
mask\2340.png,0
mask\2350.png,0
mask\2356.png,0
mask\2358.png,0
mask\2361.png,0
mask\2363.png,0
mask\2372.png,0
mask\2375.png,0
mask\2381.png,0
mask\2382.png,0
mask\2385.png,0
mask\2387.png,0
mask\2388.png,0
mask\2389.png,0
mask\2393.png,0
mask\2396.png,0
mask\2398.png,0
mask\2399.png,0
mask\2400.png,0
mask\2403.png,0
mask\2406.png,0
mask\2407.png,0
mask\2408.png,0
mask\2418.png,0
mask\2420.png,0
mask\2423.png,0
mask\2425.png,0
mask\2429.png,0
mask\2434.png,0
mask\2451.png,0
mask\2455.png,0
mask\2458.png,0
mask\2459.png,0
mask\2463.png,0
mask\2465.png,0
mask\2466.png,0
mask\2471.png,0
mask\2472.png,0
mask\2473.png,0
mask\2475.png,0
mask\2476.png,0
mask\2477.png,0
mask\2478.png,0
mask\2486.png,0
mask\2489.png,0
mask\2490.png,0
mask\2491.png,0
mask\2492.png,0
mask\2493.png,0
mask\2494.png,0
mask\2502.png,0
mask\2503.png,0
mask\2505.png,0
mask\2506.png,0
mask\2508.png,0
mask\2520.png,0
mask\2523.png,0
mask\2525.png,0
mask\2526.png,0
mask\2533.png,0
mask\2534.png,0
mask\2535.png,0
mask\2536.png,0
mask\2537.png,0
mask\2539.png,0
mask\2543.png,0
mask\2544.png,0
mask\2548.png,0
mask\2551.png,0
mask\2553.png,0
mask\2557.png,0
mask\2558.png,0
mask\2559.png,0
mask\2561.png,0
mask\2574.png,0
mask\2577.png,0
mask\2578.png,0
mask\2579.png,0
mask\2580.png,0
mask\2581.png,0
mask\2584.png,0
mask\2586.png,0
mask\2588.png,0
mask\2589.png,0
mask\2591.png,0
mask\2592.png,0
mask\2594.png,0
mask\2596.png,0
mask\2600.png,0
mask\2601.png,0
mask\2605.png,0
mask\2606.png,0
mask\2607.png,0
mask\2608.png,0
mask\2613.png,0
mask\2614.png,0
mask\2620.png,0
mask\2626.png,0
mask\2634.png,0
mask\2635.png,0
mask\2638.png,0
mask\2639.png,0
mask\2640.png,0
mask\2641.png,0
mask\2646.png,0
mask\2649.png,0
mask\2650.png,0
mask\2651.png,0
mask\2654.png,0
mask\2655.png,0
mask\2656.png,0
mask\2657.png,0
mask\2659.png,0
mask\2661.png,0
mask\2662.png,0
mask\2664.png,0
mask\2673.png,0
mask\2679.png,0
mask\2680.png,0
mask\2683.png,0
mask\2684.png,0
mask\2688.png,0
mask\2690.png,0
mask\2700.png,0
mask\2701.png,0
mask\2704.png,0
mask\2705.png,0
mask\2707.png,0
mask\2708.png,0
mask\2709.png,0
mask\2710.png,0
mask\2712.png,0
mask\2713.png,0
mask\2716.png,0
mask\2717.png,0
mask\2718.png,0
mask\2719.png,0
mask\2720.png,0
mask\2721.png,0
mask\2722.png,0
mask\2723.png,0
mask\2724.png,0
mask\2727.png,0
mask\2728.png,0
mask\2740.png,0
mask\2742.png,0
mask\2745.png,0
mask\2747.png,0
mask\2750.png,0
mask\2752.png,0
mask\2759.png,0
mask\2760.png,0
mask\2762.png,0
mask\2763.png,0
mask\2764.png,0
mask\2765.png,0
mask\2766.png,0
mask\2767.png,0
mask\2768.png,0
mask\2769.png,0
mask\2771.png,0
mask\2772.png,0
mask\2774.png,0
mask\2775.png,0
mask\2776.png,0
mask\2778.png,0
mask\2779.png,0
mask\2781.png,0
mask\2783.png,0
mask\2784.png,0
mask\2791.png,0
mask\2792.png,0
mask\2793.png,0
mask\2794.png,0
mask\2800.png,0
mask\2801.png,0
mask\2805.png,0
mask\2806.png,0
mask\2807.png,0
mask\2809.png,0
mask\2810.png,0
mask\2813.png,0
mask\2814.png,0
mask\2825.png,0
mask\2828.png,0
mask\2829.png,0
mask\2833.png,0
mask\2835.png,0
mask\2836.png,0
mask\2837.png,0
mask\2838.png,0
mask\2839.png,0
mask\2840.png,0
mask\2841.png,0
mask\2843.png,0
mask\2844.png,0
mask\2847.png,0
mask\2849.png,0
mask\2850.png,0
mask\2852.png,0
mask\2853.png,0
mask\2854.png,0
mask\2859.png,0
mask\2861.png,0
mask\2864.png,0
mask\2865.png,0
mask\2866.png,0
mask\2867.png,0
mask\2868.png,0
mask\2871.png,0
mask\2873.png,0
mask\2875.png,0
mask\2879.png,0
mask\2881.png,0
mask\2884.png,0
mask\2890.png,0
mask\2891.png,0
mask\2893.png,0
mask\2894.png,0
mask\2896.png,0
mask\2897.png,0
mask\2898.png,0
mask\2899.png,0
mask\2901.png,0
mask\2902.png,0
mask\2903.png,0
mask\2905.png,0
mask\2907.png,0
mask\2908.png,0
mask\2910.png,0
mask\2911.png,0
mask\2922.png,0
mask\2925.png,0
mask\2927.png,0
mask\2928.png,0
mask\2930.png,0
mask\2939.png,0
mask\2940.png,0
mask\2941.png,0
mask\2944.png,0
mask\2945.png,0
mask\2948.png,0
mask\2962.png,0
mask\2972.png,0
mask\2974.png,0
mask\2979.png,0
mask\2980.png,0
mask\2981.png,0
mask\2983.png,0
mask\2984.png,0
mask\2985.png,0
mask\2986.png,0
mask\2987.png,0
mask\2989.png,0
mask\2998.png,0
mask\2999.png,0
mask\3000.png,0
mask\3004.png,0
mask\3006.png,0
mask\3010.png,0
mask\3011.png,0
mask\3015.png,0
mask\3021.png,0
mask\3023.png,0
mask\3031.png,0
mask\3032.png,0
mask\3033.png,0
mask\3034.png,0
mask\3036.png,0
mask\3042.png,0
mask\3043.png,0
mask\3044.png,0
mask\3045.png,0
mask\3046.png,0
mask\3049.png,0
mask\3051.png,0
mask\3054.png,0
mask\3059.png,0
mask\3062.png,0
mask\3063.png,0
mask\3065.png,0
mask\3070.png,0
mask\3072.png,0
mask\3073.png,0
mask\3074.png,0
mask\3077.png,0
mask\3083.png,0
mask\3092.png,0
mask\3093.png,0
mask\3094.png,0
mask\3095.png,0
mask\3096.png,0
mask\3099.png,0
mask\3100.png,0
mask\3101.png,0
mask\3103.png,0
mask\3105.png,0
mask\3106.png,0
mask\3107.png,0
mask\3108.png,0
mask\3110.png,0
mask\3111.png,0
mask\3113.png,0
mask\3129.png,0
mask\3130.png,0
mask\3132.png,0
mask\3133.png,0
mask\3134.png,0
mask\3135.png,0
mask\3140.png,0
mask\3142.png,0
mask\3151.png,0
mask\3152.png,0
mask\3153.png,0
mask\3155.png,0
mask\3157.png,0
mask\3159.png,0
mask\3161.png,0
mask\3162.png,0
mask\3164.png,0
mask\3168.png,0
mask\3171.png,0
mask\3175.png,0
mask\3182.png,0
mask\3183.png,0
mask\3187.png,0
mask\3194.png,0
mask\3203.png,0
mask\3204.png,0
mask\3205.png,0
mask\3206.png,0
mask\3209.png,0
mask\3218.png,0
mask\3222.png,0
mask\3223.png,0
mask\3225.png,0
mask\3231.png,0
mask\3242.png,0
mask\3244.png,0
mask\3245.png,0
mask\3249.png,0
mask\3251.png,0
mask\3260.png,0
mask\3263.png,0
mask\3264.png,0
mask\3269.png,0
mask\3272.png,0
mask\3274.png,0
mask\3275.png,0
mask\3276.png,0
mask\3279.png,0
mask\3280.png,0
mask\3281.png,0
mask\3282.png,0
mask\3283.png,0
mask\3284.png,0
mask\3285.png,0
mask\3286.png,0
mask\3289.png,0
mask\3298.png,0
mask\3299.png,0
mask\3302.png,0
mask\3307.png,0
mask\3311.png,0
mask\3322.png,0
mask\3323.png,0
mask\3324.png,0
mask\3325.png,0
mask\3326.png,0
mask\3327.png,0
mask\3328.png,0
mask\3331.png,0
mask\3333.png,0
mask\3335.png,0
mask\3336.png,0
mask\3337.png,0
mask\3338.png,0
mask\3339.png,0
mask\3340.png,0
mask\3341.png,0
mask\3342.png,0
mask\3344.png,0
mask\3354.png,0
mask\3363.png,0
mask\3371.png,0
mask\3380.png,0
mask\3381.png,0
mask\3382.png,0
mask\3383.png,0
mask\3385.png,0
mask\3387.png,0
mask\3388.png,0
mask\3389.png,0
mask\3390.png,0
mask\3391.png,0
mask\3392.png,0
mask\3394.png,0
mask\3395.png,0
mask\3396.png,0
mask\3400.png,0
mask\3406.png,0
mask\3408.png,0
mask\3410.png,0
mask\3414.png,0
mask\3429.png,0
mask\3437.png,0
mask\3438.png,0
mask\3439.png,0
mask\3440.png,0
mask\3441.png,0
mask\3442.png,0
mask\3443.png,0
mask\3444.png,0
mask\3445.png,0
mask\3446.png,0
mask\3447.png,0
mask\3450.png,0
mask\3451.png,0
mask\3452.png,0
mask\3454.png,0
mask\3455.png,0
mask\3462.png,0
mask\3465.png,0
mask\3470.png,0
mask\3484.png,0
mask\3485.png,0
mask\3486.png,0
mask\3487.png,0
mask\3488.png,0
mask\3489.png,0
mask\3490.png,0
mask\3491.png,0
mask\3492.png,0
mask\3493.png,0
mask\3495.png,0
mask\3496.png,0
mask\3497.png,0
mask\3499.png,0
mask\3500.png,0
mask\3502.png,0
mask\3503.png,0
mask\3507.png,0
mask\3526.png,0
mask\3528.png,0
mask\3529.png,0
mask\3531.png,0
mask\3532.png,0
mask\3533.png,0
mask\3534.png,0
mask\3535.png,0
mask\3536.png,0
mask\3537.png,0
mask\3540.png,0
mask\3541.png,0
mask\3542.png,0
mask\3543.png,0
mask\3544.png,0
mask\3545.png,0
mask\3548.png,0
mask\3550.png,0
mask\3552.png,0
mask\3553.png,0
mask\3554.png,0
mask\3555.png,0
mask\3556.png,0
mask\3577.png,0
mask\3580.png,0
mask\3588.png,0
mask\3590.png,0
mask\3595.png,0
mask\3609.png,0
mask\3614.png,0
mask\3615.png,0
mask\3616.png,0
mask\3617.png,0
mask\3619.png,0
mask\3620.png,0
mask\3626.png,0
mask\3627.png,0
mask\3628.png,0
mask\3631.png,0
mask\3637.png,0
mask\3649.png,0
mask\3651.png,0
mask\3656.png,0
mask\3661.png,0
mask\3662.png,0
mask\3663.png,0
mask\3664.png,0
mask\3665.png,0
mask\3667.png,0
mask\3668.png,0
mask\3669.png,0
mask\3670.png,0
mask\3671.png,0
mask\3673.png,0
mask\3674.png,0
mask\3677.png,0
mask\3695.png,0
mask\3703.png,0
mask\3705.png,0
mask\3706.png,0
mask\3707.png,0
mask\3709.png,0
mask\3710.png,0
mask\3711.png,0
mask\3713.png,0
mask\3715.png,0
mask\3716.png,0
mask\3717.png,0
mask\3729.png,0
mask\3730.png,0
mask\3743.png,0
mask\3749.png,0
mask\3750.png,0
mask\3751.png,0
mask\3752.png,0
mask\3753.png,0
mask\3755.png,0
mask\3757.png,0
mask\3758.png,0
mask\3759.png,0
mask\3760.png,0
mask\3764.png,0
mask\3767.png,0
mask\3773.png,0
mask\3776.png,0
mask\3789.png,0
mask\3794.png,0
mask\3795.png,0
mask\3796.png,0
mask\3797.png,0
mask\3798.png,0
mask\3799.png,0
mask\3801.png,0
mask\3803.png,0
mask\3804.png,0
mask\3805.png,0
mask\3806.png,0
mask\3807.png,0
mask\3809.png,0
mask\3815.png,0
mask\3816.png,0
mask\3819.png,0
mask\3830.png,0
mask\3833.png,0
mask\3834.png,0
mask\3837.png,0
mask\3844.png,0
mask\3845.png,0
mask\3846.png,0
mask\3848.png,0
mask\3849.png,0
mask\3850.png,0
mask\3852.png,0
mask\3855.png,0
mask\3857.png,0
mask\3863.png,0
mask\3864.png,0
mask\3867.png,0
mask\3873.png,0
mask\3876.png,0
mask\3879.png,0
mask\3880.png,0
mask\3881.png,0
mask\3883.png,0
mask\3884.png,0
mask\3885.png,0
mask\3886.png,0
mask\3890.png,0
mask\3891.png,0
mask\3894.png,0
mask\3895.png,0
mask\3896.png,0
mask\3897.png,0
mask\3900.png,0
mask\3904.png,0
mask\3909.png,0
mask\3910.png,0
mask\3912.png,0
mask\3914.png,0
mask\3917.png,0
mask\3919.png,0
mask\3920.png,0
mask\3921.png,0
mask\3922.png,0
mask\3925.png,0
mask\3927.png,0
mask\3928.png,0
mask\3929.png,0
mask\3933.png,0
mask\3936.png,0
mask\3947.png,0
mask\3949.png,0
mask\3952.png,0
mask\3956.png,0
mask\3957.png,0
mask\3963.png,0
mask\3964.png,0
mask\3965.png,0
mask\3966.png,0
mask\3967.png,0
mask\3973.png,0
mask\3987.png,0
mask\3991.png,0
mask\3992.png,0
mask\3993.png,0
mask\3994.png,0
mask\3995.png,0
mask\3996.png,0
mask\3999.png,0
mask\4000.png,0
mask\4004.png,0
mask\4005.png,0
mask\4007.png,0
mask\4008.png,0
mask\4012.png,0
mask\4014.png,0
mask\4019.png,0
mask\4025.png,0
mask\4029.png,0
mask\4035.png,0
mask\4038.png,0
mask\4042.png,0
mask\4045.png,0
mask\4048.png,0
mask\4049.png,0
mask\4051.png,0
mask\4052.png,0
mask\4056.png,0
mask\4063.png,0
mask\4065.png,0
mask\4069.png,0
mask\4070.png,0
mask\4073.png,0
mask\4075.png,0
mask\4077.png,0
mask\4080.png,0
mask\4103.png,0
mask\4109.png,0
mask\4110.png,0
mask\4112.png,0
mask\4113.png,0
mask\4118.png,0
mask\4123.png,0
mask\4124.png,0
mask\4125.png,0
mask\4130.png,0
mask\4131.png,0
mask\4136.png,0
mask\4139.png,0
mask\4140.png,0
mask\4146.png,0
mask\4147.png,0
mask\4148.png,0
mask\4152.png,0
mask\4154.png,0
mask\4156.png,0
mask\4157.png,0
mask\4158.png,0
mask\4160.png,0
mask\4161.png,0
mask\4162.png,0
mask\4163.png,0
mask\4166.png,0
mask\4167.png,0
mask\4169.png,0
mask\4172.png,0
mask\4182.png,0
mask\4183.png,0
mask\4184.png,0
mask\4189.png,0
mask\4190.png,0
mask\4191.png,0
mask\4192.png,0
mask\4197.png,0
mask\4198.png,0
mask\4200.png,0
mask\4204.png,0
mask\4209.png,0
mask\4210.png,0
mask\4211.png,0
mask\4212.png,0
mask\4220.png,0
mask\4222.png,0
mask\4224.png,0
mask\4225.png,0
mask\4226.png,0
mask\4227.png,0
mask\4229.png,0
mask\4231.png,0
mask\4232.png,0
mask\4235.png,0
mask\4236.png,0
mask\4238.png,0
mask\4239.png,0
mask\4241.png,0
mask\4242.png,0
mask\4244.png,0
mask\4254.png,0
mask\4259.png,0
mask\4260.png,0
mask\4261.png,0
mask\4262.png,0
mask\4263.png,0
mask\4267.png,0
mask\4268.png,0
mask\4269.png,0
mask\4270.png,0
mask\4272.png,0
mask\4275.png,0
mask\4282.png,0
mask\4283.png,0
mask\4285.png,0
mask\4286.png,0
mask\4287.png,0
mask\4288.png,0
mask\4289.png,0
mask\4290.png,0
mask\4291.png,0
mask\4293.png,0
mask\4299.png,0
mask\4303.png,0
mask\4304.png,0
mask\4305.png,0
mask\4307.png,0
mask\4309.png,0
mask\4310.png,0
mask\4316.png,0
mask\4317.png,0
mask\4318.png,0
mask\4320.png,0
mask\4321.png,0
mask\4324.png,0
mask\4327.png,0
mask\4328.png,0
mask\4331.png,0
mask\4332.png,0
mask\4333.png,0
mask\4335.png,0
mask\4337.png,0
mask\4338.png,0
mask\4339.png,0
mask\4340.png,0
mask\4341.png,0
mask\4342.png,0
mask\4343.png,0
mask\4345.png,0
mask\4346.png,0
mask\4348.png,0
mask\4349.png,0
mask\4352.png,0
mask\4358.png,0
mask\4359.png,0
mask\4366.png,0
mask\4370.png,0
mask\4372.png,0
mask\4375.png,0
mask\4376.png,0
mask\4379.png,0
mask\4382.png,0
mask\4383.png,0
mask\4387.png,0
mask\4391.png,0
mask\4393.png,0
mask\4395.png,0
mask\4397.png,0
mask\4398.png,0
mask\4399.png,0
mask\4400.png,0
mask\4401.png,0
mask\4407.png,0
mask\4409.png,0
mask\4411.png,0
mask\4412.png,0
mask\4413.png,0
mask\4414.png,0
mask\4418.png,0
mask\4419.png,0
mask\4421.png,0
mask\4422.png,0
mask\4423.png,0
mask\4424.png,0
mask\4426.png,0
mask\4427.png,0
mask\4428.png,0
mask\4432.png,0
mask\4437.png,0
mask\4439.png,0
mask\4447.png,0
mask\4448.png,0
mask\4450.png,0
mask\4451.png,0
mask\4452.png,0
mask\4453.png,0
mask\4458.png,0
mask\4480.png,0
mask\4482.png,0
mask\4488.png,0
mask\4492.png,0
mask\4501.png,0
mask\4503.png,0
mask\4508.png,0
mask\4510.png,0
mask\4511.png,0
mask\4521.png,0
mask\4525.png,0
mask\4526.png,0
mask\4528.png,0
mask\4533.png,0
mask\4540.png,0
mask\4542.png,0
mask\4544.png,0
mask\4545.png,0
mask\4549.png,0
mask\4552.png,0
mask\4555.png,0
mask\4558.png,0
mask\4559.png,0
mask\4560.png,0
mask\4562.png,0
mask\4563.png,0
mask\4564.png,0
mask\4569.png,0
mask\4571.png,0
mask\4572.png,0
mask\4573.png,0
mask\4577.png,0
mask\4578.png,0
mask\4581.png,0
mask\4583.png,0
mask\4591.png,0
mask\4595.png,0
mask\4597.png,0
mask\4598.png,0
mask\4600.png,0
mask\4607.png,0
mask\4610.png,0
mask\4611.png,0
mask\4612.png,0
mask\4614.png,0
mask\4615.png,0
mask\4616.png,0
mask\4617.png,0
mask\4619.png,0
mask\4622.png,0
mask\4623.png,0
mask\4624.png,0
mask\4626.png,0
mask\4627.png,0
mask\4630.png,0
mask\4635.png,0
mask\4637.png,0
mask\4647.png,0
mask\4661.png,0
mask\4678.png,0
mask\4685.png,0
mask\4686.png,0
mask\4687.png,0
mask\4692.png,0
mask\4693.png,0
mask\4696.png,0
mask\4699.png,0
mask\4707.png,0
mask\4715.png,0
mask\4716.png,0
mask\4717.png,0
mask\4720.png,0
mask\4724.png,0
mask\4726.png,0
mask\4730.png,0
mask\4733.png,0
mask\4734.png,0
mask\4735.png,0
mask\4742.png,0
mask\4743.png,0
mask\4760.png,0
mask\4772.png,0
mask\4792.png,0
mask\4794.png,0
mask\4798.png,0
mask\4799.png,0
mask\4800.png,0
mask\4803.png,0
mask\4804.png,0
mask\4814.png,0
mask\4818.png,0
mask\4819.png,0
mask\4829.png,0
mask\4833.png,0
mask\4834.png,0
mask\4835.png,0
mask\4836.png,0
mask\4837.png,0
mask\4838.png,0
mask\4845.png,0
mask\4846.png,0
mask\4860.png,0
mask\4861.png,0
mask\4862.png,0
mask\4867.png,0
mask\4878.png,0
mask\4881.png,0
mask\4886.png,0
mask\4887.png,0
mask\4894.png,0
mask\4895.png,0
mask\4897.png,0
mask\4898.png,0
mask\4899.png,0
mask\4901.png,0
mask\4903.png,0
mask\4905.png,0
mask\4908.png,0
mask\4909.png,0
mask\4910.png,0
mask\4912.png,0
mask\4916.png,0
mask\4919.png,0
mask\4920.png,0
mask\4921.png,0
mask\4925.png,0
mask\4935.png,0
mask\4936.png,0
mask\4937.png,0
mask\4942.png,0
mask\4944.png,0
mask\4945.png,0
mask\4949.png,0
mask\4950.png,0
mask\4954.png,0
mask\4964.png,0
mask\4969.png,0
mask\4970.png,0
mask\4972.png,0
mask\4975.png,0
mask\4978.png,0
mask\4979.png,0
mask\4980.png,0
mask\4981.png,0
mask\4982.png,0
mask\4983.png,0
mask\4985.png,0
mask\4987.png,0
mask\4991.jpg,0
mask\4994.jpg,0
mask\4995.jpg,0
mask\4996.jpg,0
mask\4997.jpg,0
mask\5001.jpg,0
mask\5003.jpg,0
mask\5005.jpg,0
mask\5006.jpg,0
mask\5014.jpg,0
mask\5015.jpg,0
mask\5016.jpg,0
mask\5017.jpg,0
mask\5019.jpg,0
mask\5020.jpg,0
mask\5022.jpg,0
mask\5024.jpg,0
mask\5030.jpg,0
mask\5041.jpeg,0
mask\5043.jpg,0
mask\5048.jpg,0
mask\5049.jpg,0
mask\5052.jpg,0
mask\5053.jpg,0
mask\5057.jpg,0
mask\5065.jpg,0
mask\5066.jpg,0
mask\5067.jpg,0
mask\5068.jpg,0
mask\5069.jpg,0
mask\5071.jpg,0
mask\5072.jpg,0
mask\5075.png,0
mask\5077.jpg,0
mask\5082.jpg,0
mask\5094.jpg,0
mask\5105.jpg,0
mask\5110.jpg,0
mask\5111.jpg,0
mask\5116.jpg,0
mask\5119.png,0
mask\5123.jpg,0
mask\5124.png,0
mask\5126.jpg,0
mask\5136.jpg,0
mask\5138.jpg,0
mask\5142.jpg,0
mask\5144.jpg,0
mask\5149.jpg,0
mask\5152.jpg,0
mask\5154.jpeg,0
mask\5157.jpg,0
mask\5158.jpg,0
mask\5167.jpg,0
mask\5168.jpg,0
mask\5174.jpg,0
mask\5175.jpg,0
mask\5186.jpg,0
mask\5187.jpg,0
mask\5188.jpg,0
mask\5192.jpg,0
mask\5193.jpg,0
mask\5194.jpg,0
mask\5195.jpg,0
mask\5196.jpg,0
mask\5197.jpg,0
mask\5199.jpg,0
mask\5201.jpg,0
mask\5202.jpg,0
mask\5205.jpg,0
mask\5206.jpg,0
mask\5207.jpg,0
mask\5208.jpg,0
mask\5209.jpg,0
mask\5210.jpg,0
mask\5211.jpg,0
mask\5215.jpg,0
mask\5218.jpg,0
mask\5220.jpg,0
mask\5221.jpeg,0
mask\5223.jpg,0
mask\5231.jpg,0
mask\5233.jpg,0
mask\5241.jpg,0
mask\5242.jpg,0
mask\5243.jpg,0
mask\5249.jpg,0
mask\5271.jpg,0
mask\5283.jpg,0
mask\5344.jpg,0
mask\5369.jpeg,0
mask\5397.jpg,0
mask\5416.jpg,0
mask\5419.jpg,0
mask\5463.jpg,0
mask\5464.jpg,0
mask\5491.jpg,0
mask\5492.jpg,0
mask\5572.jpg,0
mask\5594.jpg,0
mask\5635.jpg,0
mask\5713.jpg,0
mask\6290.jpg,0
mask\6391.jpg,0
mask\6395.jpeg,0
mask\6397.jpg,0
mask\6402.png,0
mask\6403.png,0
mask\6409.png,0
mask\6410.png,0
mask\6411.png,0
mask\6414.png,0
mask\6417.png,0
mask\6421.png,0
mask\6425.png,0
mask\6428.png,0
mask\6434.jpg,0
not_person\8001.jpg,2
not_person\8002.jpg,2
not_person\8003.jpg,2
not_person\8004.jpg,2
not_person\8005.jpg,2
not_person\8006.jpg,2
not_person\8007.jpg,2
not_person\8008.jpg,2
not_person\8009.jpg,2
not_person\8010.jpg,2
not_person\8011.jpg,2
not_person\8012.jpg,2
not_person\8013.jpg,2
not_person\8014.jpg,2
not_person\8015.jpg,2
not_person\8016.jpg,2
not_person\8017.jpg,2
not_person\8018.jpg,2
not_person\8019.jpg,2
not_person\8020.jpg,2
not_person\8021.jpg,2
not_person\8022.jpg,2
not_person\8023.jpg,2
not_person\8024.jpg,2
not_person\8025.jpg,2
not_person\8026.jpg,2
not_person\8027.jpg,2
not_person\8028.jpg,2
not_person\8029.jpg,2
not_person\8030.jpg,2
not_person\8031.jpg,2
not_person\8032.jpg,2
not_person\8033.jpg,2
not_person\8034.jpg,2
not_person\8035.jpg,2
not_person\8036.jpg,2
not_person\8037.jpg,2
not_person\8038.jpg,2
not_person\8039.jpg,2
not_person\8040.jpg,2
not_person\8041.jpg,2
not_person\8042.jpg,2
not_person\8043.jpg,2
not_person\8044.jpg,2
not_person\8045.jpg,2
not_person\8046.jpg,2
not_person\8047.jpg,2
not_person\8048.jpg,2
not_person\8049.jpg,2
not_person\8050.jpg,2
not_person\8051.jpg,2
not_person\8052.jpg,2
not_person\8053.jpg,2
not_person\8054.jpg,2
not_person\8055.jpg,2
not_person\8056.jpg,2
not_person\8057.jpg,2
not_person\8058.jpg,2
not_person\8059.jpg,2
not_person\8060.jpg,2
not_person\8061.jpg,2
not_person\8062.jpg,2
not_person\8063.jpg,2
not_person\8064.jpg,2
not_person\8065.jpg,2
not_person\8066.jpg,2
not_person\8067.jpg,2
not_person\8068.jpg,2
not_person\8069.jpg,2
not_person\8070.jpg,2
not_person\8071.jpg,2
not_person\8072.jpg,2
not_person\8073.jpg,2
not_person\8074.jpg,2
not_person\8075.jpg,2
not_person\8076.jpg,2
not_person\8077.jpg,2
not_person\8078.jpg,2
not_person\8079.jpg,2
not_person\8080.jpg,2
not_person\8081.jpg,2
not_person\8082.jpg,2
not_person\8083.jpg,2
not_person\8084.jpg,2
not_person\8085.jpg,2
not_person\8086.jpg,2
not_person\8087.jpg,2
not_person\8088.jpg,2
not_person\8089.jpg,2
not_person\8090.jpg,2
not_person\8091.jpg,2
not_person\8092.jpg,2
not_person\8093.jpg,2
not_person\8094.jpg,2
not_person\8095.jpg,2
not_person\8096.jpg,2
not_person\8097.jpg,2
not_person\8098.jpg,2
not_person\8099.jpg,2
not_person\8100.jpg,2
not_person\8101.jpg,2
not_person\8102.jpg,2
not_person\8103.jpg,2
not_person\8104.jpg,2
not_person\8105.jpg,2
not_person\8106.jpg,2
not_person\8107.jpg,2
not_person\8108.jpg,2
not_person\8109.jpg,2
not_person\8110.jpg,2
not_person\8111.jpg,2
not_person\8112.jpg,2
not_person\8113.jpg,2
not_person\8114.jpg,2
not_person\8115.jpg,2
not_person\8116.jpg,2
not_person\8117.jpg,2
not_person\8118.jpg,2
not_person\8119.jpg,2
not_person\8120.jpg,2
not_person\8121.jpg,2
not_person\8122.jpg,2
not_person\8123.jpg,2
not_person\8124.jpg,2
not_person\8125.jpg,2
not_person\8126.jpg,2
not_person\8127.jpg,2
not_person\8128.jpg,2
not_person\8129.jpg,2
not_person\8130.jpg,2
not_person\8131.jpg,2
not_person\8132.jpg,2
not_person\8133.jpg,2
not_person\8134.jpg,2
not_person\8135.jpg,2
not_person\8136.jpg,2
not_person\8137.jpg,2
not_person\8138.jpg,2
not_person\8139.jpg,2
not_person\8140.jpg,2
not_person\8141.jpg,2
not_person\8142.jpg,2
not_person\8143.jpg,2
not_person\8144.jpg,2
not_person\8145.jpg,2
not_person\8146.jpg,2
not_person\8147.jpg,2
not_person\8148.jpg,2
not_person\8149.jpg,2
not_person\8150.jpg,2
not_person\8151.jpg,2
not_person\8152.jpg,2
not_person\8153.jpg,2
not_person\8154.jpg,2
not_person\8155.jpg,2
not_person\8156.jpg,2
not_person\8157.jpg,2
not_person\8158.jpg,2
not_person\8159.jpg,2
not_person\8160.jpg,2
not_person\8161.jpg,2
not_person\8162.jpg,2
not_person\8163.jpg,2
not_person\8164.jpg,2
not_person\8165.jpg,2
not_person\8166.jpg,2
not_person\8167.jpg,2
not_person\8168.jpg,2
not_person\8169.jpg,2
not_person\8170.jpg,2
not_person\8171.jpg,2
not_person\8172.jpg,2
not_person\8173.jpg,2
not_person\8174.jpg,2
not_person\8175.jpg,2
not_person\8176.jpg,2
not_person\8177.jpg,2
not_person\8178.jpg,2
not_person\8179.jpg,2
not_person\8180.jpg,2
not_person\8181.jpg,2
not_person\8182.jpg,2
not_person\8183.jpg,2
not_person\8184.jpg,2
not_person\8185.jpg,2
not_person\8186.jpg,2
not_person\8187.jpg,2
not_person\8188.jpg,2
not_person\8189.jpg,2
not_person\8190.jpg,2
not_person\8191.jpg,2
not_person\8192.jpg,2
not_person\8193.jpg,2
not_person\8194.jpg,2
not_person\8195.jpg,2
not_person\8196.jpg,2
not_person\8197.jpg,2
not_person\8198.jpg,2
not_person\8199.jpg,2
not_person\8200.jpg,2
not_person\8201.jpg,2
not_person\8202.jpg,2
not_person\8203.jpg,2
not_person\8204.jpg,2
not_person\8205.jpg,2
not_person\8206.jpg,2
not_person\8207.jpg,2
not_person\8208.jpg,2
not_person\8209.jpg,2
not_person\8210.jpg,2
not_person\8211.jpg,2
not_person\8212.jpg,2
not_person\8213.jpg,2
not_person\8214.jpg,2
not_person\8215.jpg,2
not_person\8216.jpg,2
not_person\8217.jpg,2
not_person\8218.jpg,2
not_person\8219.jpg,2
not_person\8220.jpg,2
not_person\8221.jpg,2
not_person\8222.jpg,2
not_person\8223.jpg,2
not_person\8224.jpg,2
not_person\8225.jpg,2
not_person\8226.jpg,2
not_person\8227.jpg,2
not_person\8228.jpg,2
not_person\8229.jpg,2
not_person\8230.jpg,2
not_person\8231.jpg,2
not_person\8232.jpg,2
not_person\8233.jpg,2
not_person\8234.jpg,2
not_person\8235.jpg,2
not_person\8236.jpg,2
not_person\8237.jpg,2
not_person\8238.jpg,2
not_person\8239.jpg,2
not_person\8240.jpg,2
not_person\8241.jpg,2
not_person\8242.jpg,2
not_person\8243.jpg,2
not_person\8244.jpg,2
not_person\8245.jpg,2
not_person\8246.jpg,2
not_person\8247.jpg,2
not_person\8248.jpg,2
not_person\8249.jpg,2
not_person\8250.jpg,2
not_person\8251.jpg,2
not_person\8252.jpg,2
not_person\8253.jpg,2
not_person\8254.jpg,2
not_person\8255.jpg,2
not_person\8256.jpg,2
not_person\8257.jpg,2
not_person\8258.jpg,2
not_person\8259.jpg,2
not_person\8260.jpg,2
not_person\8261.jpg,2
not_person\8262.jpg,2
not_person\8263.jpg,2
not_person\8264.jpg,2
not_person\8265.jpg,2
not_person\8266.jpg,2
not_person\8267.jpg,2
not_person\8268.jpg,2
not_person\8269.jpg,2
not_person\8270.jpg,2
not_person\8271.jpg,2
not_person\8272.jpg,2
not_person\8273.jpg,2
not_person\8274.jpg,2
not_person\8275.jpg,2
not_person\8276.jpg,2
not_person\8277.jpg,2
not_person\8278.jpg,2
not_person\8279.jpg,2
not_person\8280.jpg,2
not_person\8281.jpg,2
not_person\8282.jpg,2
not_person\8283.jpg,2
not_person\8284.jpg,2
not_person\8285.jpg,2
not_person\8286.jpg,2
not_person\8287.jpg,2
not_person\8288.jpg,2
not_person\8289.jpg,2
not_person\8290.jpg,2
not_person\8291.jpg,2
not_person\8292.jpg,2
not_person\8293.jpg,2
not_person\8294.jpg,2
not_person\8295.jpg,2
not_person\8296.jpg,2
not_person\8297.jpg,2
not_person\8298.jpg,2
not_person\8299.jpg,2
not_person\8300.jpg,2
not_person\8301.jpg,2
not_person\8302.jpg,2
not_person\8303.jpg,2
not_person\8304.jpg,2
not_person\8305.jpg,2
not_person\8306.jpg,2
not_person\8307.jpg,2
not_person\8308.jpg,2
not_person\8309.jpg,2
not_person\8310.jpg,2
not_person\8311.jpg,2
not_person\8312.jpg,2
not_person\8313.jpg,2
not_person\8314.jpg,2
not_person\8315.jpg,2
not_person\8316.jpg,2
not_person\8317.jpg,2
not_person\8318.jpg,2
not_person\8319.jpg,2
not_person\8320.jpg,2
not_person\8321.jpg,2
not_person\8322.jpg,2
not_person\8323.jpg,2
not_person\8324.jpg,2
not_person\8325.jpg,2
not_person\8326.jpg,2
not_person\8327.jpg,2
not_person\8328.jpg,2
not_person\8329.jpg,2
not_person\8330.jpg,2
not_person\8331.jpg,2
not_person\8332.jpg,2
not_person\8333.jpg,2
not_person\8334.jpg,2
not_person\8335.jpg,2
not_person\8336.jpg,2
not_person\8337.jpg,2
not_person\8338.jpg,2
not_person\8339.jpg,2
not_person\8340.jpg,2
not_person\8341.jpg,2
not_person\8342.jpg,2
not_person\8343.jpg,2
not_person\8344.jpg,2
not_person\8345.jpg,2
not_person\8346.jpg,2
not_person\8347.jpg,2
not_person\8348.jpg,2
not_person\8349.jpg,2
not_person\8350.jpg,2
not_person\8351.jpg,2
not_person\8352.jpg,2
not_person\8353.jpg,2
not_person\8354.jpg,2
not_person\8355.jpg,2
not_person\8356.jpg,2
not_person\8357.jpg,2
not_person\8358.jpg,2
not_person\8359.jpg,2
not_person\8360.jpg,2
not_person\8361.jpg,2
not_person\8362.jpg,2
not_person\8363.jpg,2
not_person\8364.jpg,2
not_person\8365.jpg,2
not_person\8366.jpg,2
not_person\8367.jpg,2
not_person\8368.jpg,2
not_person\8369.jpg,2
not_person\8370.jpg,2
not_person\8371.jpg,2
not_person\8372.jpg,2
not_person\8373.jpg,2
not_person\8374.jpg,2
not_person\8375.jpg,2
not_person\8376.jpg,2
not_person\8377.jpg,2
not_person\8378.jpg,2
not_person\8379.jpg,2
not_person\8380.jpg,2
not_person\8381.jpg,2
not_person\8382.jpg,2
not_person\8383.jpg,2
not_person\8384.jpg,2
not_person\8385.jpg,2
not_person\8386.jpg,2
not_person\8387.jpg,2
not_person\8388.jpg,2
not_person\8389.jpg,2
not_person\8390.jpg,2
not_person\8391.jpg,2
not_person\8392.jpg,2
not_person\8393.jpg,2
not_person\8394.jpg,2
not_person\8395.jpg,2
not_person\8396.jpg,2
not_person\8397.jpg,2
not_person\8398.jpg,2
not_person\8399.jpg,2
not_person\8400.jpg,2
not_person\8401.jpg,2
not_person\8402.jpg,2
not_person\8403.jpg,2
not_person\8404.jpg,2
not_person\8405.jpg,2
not_person\8406.jpg,2
not_person\8407.jpg,2
not_person\8408.jpg,2
not_person\8409.jpg,2
not_person\8410.jpg,2
not_person\8411.jpg,2
not_person\8412.jpg,2
not_person\8413.jpg,2
not_person\8414.jpg,2
not_person\8415.jpg,2
not_person\8416.jpg,2
not_person\8417.jpg,2
not_person\8418.jpg,2
not_person\8419.jpg,2
not_person\8420.jpg,2
not_person\8421.jpg,2
not_person\8422.jpg,2
not_person\8423.jpg,2
not_person\8424.jpg,2
not_person\8425.jpg,2
not_person\8426.jpg,2
not_person\8427.jpg,2
not_person\8428.jpg,2
not_person\8429.jpg,2
not_person\8430.jpg,2
not_person\8431.jpg,2
not_person\8432.jpg,2
not_person\8433.jpg,2
not_person\8434.jpg,2
not_person\8435.jpg,2
not_person\8436.jpg,2
not_person\8437.jpg,2
not_person\8438.jpg,2
not_person\8439.jpg,2
not_person\8440.jpg,2
not_person\8441.jpg,2
not_person\8442.jpg,2
not_person\8443.jpg,2
not_person\8444.jpg,2
not_person\8445.jpg,2
not_person\8446.jpg,2
not_person\8447.jpg,2
not_person\8448.jpg,2
not_person\8449.jpg,2
not_person\8450.jpg,2
no_mask\0001.jpg,1
no_mask\0002.png,1
no_mask\0023.jpg,1
no_mask\0035.jpg,1
no_mask\0046.jpg,1
no_mask\0075.jpg,1
no_mask\0134.jpg,1
no_mask\0135.jpg,1
no_mask\0136.jpg,1
no_mask\0137.jpg,1
no_mask\0138.jpg,1
no_mask\0139.jpg,1
no_mask\0140.jpg,1
no_mask\0141.jpg,1
no_mask\0142.jpg,1
no_mask\0143.jpg,1
no_mask\0144.jpg,1
no_mask\0145.jpg,1
no_mask\0146.jpg,1
no_mask\0147.jpg,1
no_mask\0148.jpg,1
no_mask\0165.jpg,1
no_mask\0175.jpg,1
no_mask\0179.jpg,1
no_mask\0186.jpg,1
no_mask\0192.jpg,1
no_mask\0217.jpg,1
no_mask\0219.jpg,1
no_mask\0224.jpg,1
no_mask\0225.jpg,1
no_mask\0227.jpg,1
no_mask\0228.jpg,1
no_mask\0229.jpg,1
no_mask\0230.jpg,1
no_mask\0239.jpg,1
no_mask\0244.jpg,1
no_mask\0245.jpg,1
no_mask\0255.jpg,1
no_mask\0256.jpg,1
no_mask\0259.jpg,1
no_mask\0284.jpg,1
no_mask\0285.jpg,1
no_mask\0289.jpg,1
no_mask\0291.jpg,1
no_mask\0293.jpg,1
no_mask\0296.jpg,1
no_mask\0298.jpg,1
no_mask\0299.jpg,1
no_mask\0305.jpeg,1
no_mask\0307.jpeg,1
no_mask\0319.jpg,1
no_mask\0327.jpg,1
no_mask\0330.jpg,1
no_mask\0331.jpg,1
no_mask\0356.jpg,1
no_mask\0374.jpg,1
no_mask\0377.jpg,1
no_mask\0381.jpg,1
no_mask\0382.jpg,1
no_mask\0389.jpg,1
no_mask\0390.jpg,1
no_mask\0391.jpg,1
no_mask\0409.jpg,1
no_mask\0431.jpg,1
no_mask\0446.jpg,1
no_mask\0447.jpg,1
no_mask\0453.jpg,1
no_mask\0454.jpg,1
no_mask\0455.jpg,1
no_mask\0456.jpg,1
no_mask\0457.jpg,1
no_mask\0458.jpg,1
no_mask\0459.jpg,1
no_mask\0461.jpg,1
no_mask\0477.jpg,1
no_mask\0478.jpg,1
no_mask\0483.jpg,1
no_mask\0485.jpg,1
no_mask\0489.jpg,1
no_mask\0490.jpg,1
no_mask\0494.jpg,1
no_mask\0495.jpg,1
no_mask\0500.jpeg,1
no_mask\0507.jpg,1
no_mask\0508.jpg,1
no_mask\0513.jpg,1
no_mask\0519.jpg,1
no_mask\0520.jpg,1
no_mask\0521.jpg,1
no_mask\0522.jpg,1
no_mask\0523.jpg,1
no_mask\0524.jpg,1
no_mask\0526.jpg,1
no_mask\0527.jpg,1
no_mask\0530.jpg,1
no_mask\0531.jpg,1
no_mask\0537.jpg,1
no_mask\0549.jpg,1
no_mask\0550.jpg,1
no_mask\0551.jpg,1
no_mask\0552.jpg,1
no_mask\0553.jpg,1
no_mask\0555.jpg,1
no_mask\0556.jpg,1
no_mask\0562.jpg,1
no_mask\0565.jpg,1
no_mask\0567.jpg,1
no_mask\0568.jpg,1
no_mask\0569.jpg,1
no_mask\0571.jpg,1
no_mask\0572.jpg,1
no_mask\0575.jpg,1
no_mask\0576.jpg,1
no_mask\0578.jpg,1
no_mask\0585.jpg,1
no_mask\0586.jpg,1
no_mask\0587.jpg,1
no_mask\0588.jpg,1
no_mask\0589.jpg,1
no_mask\0595.jpg,1
no_mask\0596.jpg,1
no_mask\0597.jpg,1
no_mask\0598.jpg,1
no_mask\0599.jpg,1
no_mask\0634.jpg,1
no_mask\0692.jpg,1
no_mask\0740.jpg,1
no_mask\0781.jpg,1
no_mask\0797.jpg,1
no_mask\0834.jpg,1
no_mask\0869.jpg,1
no_mask\0887.jpg,1
no_mask\0889.jpg,1
no_mask\0894.jpg,1
no_mask\0895.jpg,1
no_mask\0914.jpg,1
no_mask\0917.jpg,1
no_mask\0919.jpg,1
no_mask\0921.jpg,1
no_mask\0922.jpg,1
no_mask\0923.jpg,1
no_mask\0992.jpg,1
no_mask\1008.jpg,1
no_mask\1016.jpg,1
no_mask\1019.jpg,1
no_mask\1021.jpg,1
no_mask\1023.jpg,1
no_mask\1025.jpg,1
no_mask\1027.jpg,1
no_mask\1029.jpg,1
no_mask\1034.jpg,1
no_mask\1052.jpg,1
no_mask\1066.jpg,1
no_mask\1081.jpg,1
no_mask\1086.jpg,1
no_mask\1088.jpg,1
no_mask\1089.jpg,1
no_mask\1097.jpg,1
no_mask\1099.jpg,1
no_mask\1102.jpg,1
no_mask\1111.jpg,1
no_mask\1138.jpg,1
no_mask\1141.jpg,1
no_mask\1165.jpg,1
no_mask\1171.jpg,1
no_mask\1174.jpg,1
no_mask\1176.jpg,1
no_mask\1182.jpg,1
no_mask\1193.jpg,1
no_mask\1199.jpg,1
no_mask\1201.jpg,1
no_mask\1220.jpg,1
no_mask\1222.jpg,1
no_mask\1240.jpg,1
no_mask\1252.jpg,1
no_mask\1271.jpg,1
no_mask\1283.jpg,1
no_mask\1284.jpeg,1
no_mask\1288.jpg,1
no_mask\1297.jpg,1
no_mask\1298.jpg,1
no_mask\1308.jpg,1
no_mask\1319.jpg,1
no_mask\1324.jpg,1
no_mask\1363.jpg,1
no_mask\1365.jpg,1
no_mask\1477.jpg,1
no_mask\1541.jpg,1
no_mask\1542.jpg,1
no_mask\1561.jpg,1
no_mask\1575.jpg,1
no_mask\1604.jpg,1
no_mask\1605.jpg,1
no_mask\1630.jpg,1
no_mask\1644.jpg,1
no_mask\1678.jpg,1
no_mask\1688.jpg,1
no_mask\1691.jpg,1
no_mask\1692.jpg,1
no_mask\1693.jpg,1
no_mask\1694.jpg,1
no_mask\1699.jpg,1
no_mask\1722.jpg,1
no_mask\1733.jpg,1
no_mask\1737.png,1
no_mask\1740.jpg,1
no_mask\1754.jpg,1
no_mask\1756.png,1
no_mask\1757.jpg,1
no_mask\1760.jpeg,1
no_mask\1771.jpg,1
no_mask\1774.jpg,1
no_mask\1775.jpg,1
no_mask\1776.jpg,1
no_mask\1781.jpg,1
no_mask\1787.jpg,1
no_mask\1788.jpg,1
no_mask\1791.jpg,1
no_mask\1801.jpg,1
no_mask\1807.jpg,1
no_mask\1808.jpg,1
no_mask\1809.jpg,1
no_mask\1811.jpg,1
no_mask\1813.jpg,1
no_mask\1814.jpg,1
no_mask\1815.jpg,1
no_mask\1819.jpg,1
no_mask\1820.jpg,1
no_mask\1824.jpeg,1
no_mask\1830.jpg,1
no_mask\1831.jpg,1
no_mask\1853.jpg,1
no_mask\1856.jpg,1
no_mask\1857.jpg,1
no_mask\1862.jpg,1
no_mask\1865.jpg,1
no_mask\1866.jpg,1
no_mask\1868.jpg,1
no_mask\1878.jpg,1
no_mask\1884.jpg,1
no_mask\1888.jpg,1
no_mask\1921.jpg,1
no_mask\1922.jpg,1
no_mask\1923.jpg,1
no_mask\1930.jpg,1
no_mask\1931.jpg,1
no_mask\1932.jpg,1
no_mask\1934.jpg,1
no_mask\1935.jpg,1
no_mask\1955.jpg,1
no_mask\1957.jpg,1
no_mask\1964.png,1
no_mask\1965.jpg,1
no_mask\1975.jpg,1
no_mask\1977.jpg,1
no_mask\2019.jpg,1
no_mask\2027.jpg,1
no_mask\2060.jpg,1
no_mask\2061.jpeg,1
no_mask\2064.jpg,1
no_mask\2067.jpg,1
no_mask\2071.jpg,1
no_mask\2074.jpg,1
no_mask\2075.jpg,1
no_mask\2089.jpg,1
no_mask\2095.jpg,1
no_mask\2098.jpg,1
no_mask\2103.jpg,1
no_mask\2111.jpg,1
no_mask\2126.jpg,1
no_mask\2127.jpg,1
no_mask\2140.jpeg,1
no_mask\2149.jpg,1
no_mask\2207.png,1
no_mask\2211.png,1
no_mask\2239.png,1
no_mask\2243.png,1
no_mask\2246.png,1
no_mask\2247.png,1
no_mask\2248.png,1
no_mask\2249.png,1
no_mask\2272.png,1
no_mask\2301.png,1
no_mask\2302.png,1
no_mask\2311.png,1
no_mask\2312.png,1
no_mask\2313.png,1
no_mask\2346.png,1
no_mask\2376.png,1
no_mask\2383.png,1
no_mask\2384.png,1
no_mask\2392.png,1
no_mask\2402.png,1
no_mask\2414.png,1
no_mask\2415.png,1
no_mask\2416.png,1
no_mask\2417.png,1
no_mask\2442.png,1
no_mask\2443.png,1
no_mask\2444.png,1
no_mask\2453.png,1
no_mask\2454.png,1
no_mask\2462.png,1
no_mask\2487.png,1
no_mask\2511.png,1
no_mask\2512.png,1
no_mask\2513.png,1
no_mask\2514.png,1
no_mask\2521.png,1
no_mask\2522.png,1
no_mask\2529.png,1
no_mask\2547.png,1
no_mask\2568.png,1
no_mask\2570.png,1
no_mask\2575.png,1
no_mask\2583.png,1
no_mask\2603.png,1
no_mask\2629.png,1
no_mask\2636.png,1
no_mask\2645.png,1
no_mask\2665.png,1
no_mask\2692.png,1
no_mask\2693.png,1
no_mask\2730.png,1
no_mask\2753.png,1
no_mask\2787.png,1
no_mask\2817.png,1
no_mask\2831.png,1
no_mask\2856.png,1
no_mask\2923.png,1
no_mask\2924.png,1
no_mask\2951.png,1
no_mask\2952.png,1
no_mask\2953.png,1
no_mask\2960.png,1
no_mask\2964.png,1
no_mask\2966.png,1
no_mask\2967.png,1
no_mask\2968.png,1
no_mask\2969.png,1
no_mask\2977.png,1
no_mask\3024.png,1
no_mask\3025.png,1
no_mask\3040.png,1
no_mask\3060.png,1
no_mask\3084.png,1
no_mask\3085.png,1
no_mask\3098.png,1
no_mask\3117.png,1
no_mask\3143.png,1
no_mask\3156.png,1
no_mask\3163.png,1
no_mask\3172.png,1
no_mask\3174.png,1
no_mask\3253.png,1
no_mask\3290.png,1
no_mask\3314.png,1
no_mask\3330.png,1
no_mask\3346.png,1
no_mask\3372.png,1
no_mask\3379.png,1
no_mask\3403.png,1
no_mask\3456.png,1
no_mask\3480.png,1
no_mask\3501.png,1
no_mask\3525.png,1
no_mask\3539.png,1
no_mask\3566.png,1
no_mask\3584.png,1
no_mask\3597.png,1
no_mask\3598.png,1
no_mask\3607.png,1
no_mask\3610.png,1
no_mask\3611.png,1
no_mask\3613.png,1
no_mask\3633.png,1
no_mask\3634.png,1
no_mask\3655.png,1
no_mask\3679.png,1
no_mask\3680.png,1
no_mask\3702.png,1
no_mask\3756.png,1
no_mask\3765.png,1
no_mask\3766.png,1
no_mask\3847.png,1
no_mask\3853.png,1
no_mask\3911.png,1
no_mask\3946.png,1
no_mask\4057.png,1
no_mask\4093.png,1
no_mask\4094.png,1
no_mask\4100.png,1
no_mask\4104.png,1
no_mask\4105.png,1
no_mask\4107.png,1
no_mask\4180.png,1
no_mask\4253.png,1
no_mask\4256.png,1
no_mask\4266.png,1
no_mask\4281.png,1
no_mask\4364.png,1
no_mask\4433.png,1
no_mask\4440.png,1
no_mask\4469.png,1
no_mask\4473.png,1
no_mask\4483.png,1
no_mask\4484.png,1
no_mask\4530.png,1
no_mask\4667.png,1
no_mask\4668.png,1
no_mask\4669.png,1
no_mask\4670.png,1
no_mask\4679.png,1
no_mask\4680.png,1
no_mask\4681.png,1
no_mask\4753.png,1
no_mask\4782.png,1
no_mask\4783.png,1
no_mask\4784.png,1
no_mask\4793.png,1
no_mask\4795.png,1
no_mask\4796.png,1
no_mask\4797.png,1
no_mask\4869.png,1
no_mask\4870.png,1
no_mask\4879.png,1
no_mask\4880.png,1
no_mask\4882.png,1
no_mask\4883.png,1
no_mask\4892.png,1
no_mask\4955.png,1
no_mask\4957.png,1
no_mask\4967.png,1
no_mask\4968.png,1
no_mask\4992.jpg,1
no_mask\4993.jpg,1
no_mask\5000.jpg,1
no_mask\5021.jpg,1
no_mask\5035.jpg,1
no_mask\5047.jpg,1
no_mask\5058.jpg,1
no_mask\5059.jpg,1
no_mask\5063.jpg,1
no_mask\5073.jpg,1
no_mask\5103.jpg,1
no_mask\5113.jpg,1
no_mask\5122.jpg,1
no_mask\5143.jpg,1
no_mask\5161.jpg,1
no_mask\5173.jpg,1
no_mask\5176.jpg,1
no_mask\5189.jpg,1
no_mask\5203.jpg,1
no_mask\5214.jpg,1
no_mask\5222.jpg,1
no_mask\5234.jpg,1
no_mask\5247.jpg,1
no_mask\5248.jpg,1
no_mask\5250.jpg,1
no_mask\5252.jpg,1
no_mask\5253.jpg,1
no_mask\5254.jpg,1
no_mask\5255.jpg,1
no_mask\5256.jpg,1
no_mask\5257.jpg,1
no_mask\5258.jpg,1
no_mask\5259.jpg,1
no_mask\5266.jpg,1
no_mask\5267.jpg,1
no_mask\5269.jpg,1
no_mask\5272.jpg,1
no_mask\5273.jpg,1
no_mask\5274.jpg,1
no_mask\5275.jpg,1
no_mask\5280.jpg,1
no_mask\5284.jpg,1
no_mask\5287.jpg,1
no_mask\5288.jpg,1
no_mask\5291.jpg,1
no_mask\5295.jpg,1
no_mask\5303.jpg,1
no_mask\5307.jpg,1
no_mask\5308.jpg,1
no_mask\5310.jpg,1
no_mask\5313.jpeg,1
no_mask\5314.jpg,1
no_mask\5315.jpg,1
no_mask\5316.jpg,1
no_mask\5319.jpg,1
no_mask\5321.jpg,1
no_mask\5331.jpg,1
no_mask\5332.jpg,1
no_mask\5333.jpg,1
no_mask\5350.jpg,1
no_mask\5353.jpg,1
no_mask\5355.jpg,1
no_mask\5357.jpg,1
no_mask\5366.jpg,1
no_mask\5368.jpg,1
no_mask\5370.jpg,1
no_mask\5374.jpg,1
no_mask\5378.jpg,1
no_mask\5379.jpg,1
no_mask\5380.jpg,1
no_mask\5381.jpg,1
no_mask\5382.jpg,1
no_mask\5390.jpg,1
no_mask\5392.jpg,1
no_mask\5394.jpg,1
no_mask\5406.jpg,1
no_mask\5408.jpg,1
no_mask\5409.jpg,1
no_mask\5411.jpg,1
no_mask\5447.jpg,1
no_mask\5453.jpg,1
no_mask\5457.jpeg,1
no_mask\5458.jpeg,1
no_mask\5459.jpeg,1
no_mask\5460.jpeg,1
no_mask\5461.jpeg,1
no_mask\5469.jpg,1
no_mask\5472.jpg,1
no_mask\5485.jpg,1
no_mask\5488.jpg,1
no_mask\5496.jpg,1
no_mask\5497.jpg,1
no_mask\5498.jpg,1
no_mask\5502.jpg,1
no_mask\5504.jpg,1
no_mask\5506.jpg,1
no_mask\5507.jpg,1
no_mask\5508.jpg,1
no_mask\5509.jpg,1
no_mask\5510.jpeg,1
no_mask\5511.jpg,1
no_mask\5517.jpg,1
no_mask\5518.jpg,1
no_mask\5519.jpg,1
no_mask\5521.jpg,1
no_mask\5523.jpg,1
no_mask\5524.jpg,1
no_mask\5526.jpg,1
no_mask\5527.jpg,1
no_mask\5530.jpg,1
no_mask\5531.jpg,1
no_mask\5533.jpg,1
no_mask\5536.jpg,1
no_mask\5538.jpg,1
no_mask\5539.jpg,1
no_mask\5540.jpg,1
no_mask\5541.jpg,1
no_mask\5545.jpg,1
no_mask\5548.jpg,1
no_mask\5549.jpg,1
no_mask\5552.jpg,1
no_mask\5558.jpg,1
no_mask\5561.jpg,1
no_mask\5562.jpg,1
no_mask\5564.jpeg,1
no_mask\5566.jpg,1
no_mask\5567.jpg,1
no_mask\5569.jpg,1
no_mask\5570.jpg,1
no_mask\5574.jpg,1
no_mask\5575.jpg,1
no_mask\5576.jpg,1
no_mask\5577.jpg,1
no_mask\5578.jpg,1
no_mask\5583.jpg,1
no_mask\5584.jpg,1
no_mask\5585.jpg,1
no_mask\5586.jpg,1
no_mask\5587.jpg,1
no_mask\5589.jpg,1
no_mask\5595.jpg,1
no_mask\5599.jpg,1
no_mask\5600.jpg,1
no_mask\5601.jpg,1
no_mask\5602.jpg,1
no_mask\5603.jpg,1
no_mask\5604.jpg,1
no_mask\5606.jpg,1
no_mask\5607.jpg,1
no_mask\5608.jpg,1
no_mask\5609.jpg,1
no_mask\5610.jpg,1
no_mask\5613.jpg,1
no_mask\5614.jpeg,1
no_mask\5616.jpg,1
no_mask\5620.jpg,1
no_mask\5621.jpg,1
no_mask\5622.jpg,1
no_mask\5623.jpg,1
no_mask\5628.jpg,1
no_mask\5629.jpg,1
no_mask\5631.jpg,1
no_mask\5633.jpg,1
no_mask\5636.jpg,1
no_mask\5638.jpg,1
no_mask\5639.jpg,1
no_mask\5646.jpg,1
no_mask\5647.jpg,1
no_mask\5650.jpg,1
no_mask\5657.png,1
no_mask\5658.png,1
no_mask\5663.jpg,1
no_mask\5670.jpg,1
no_mask\5675.jpg,1
no_mask\5677.jpg,1
no_mask\5678.jpg,1
no_mask\5680.jpg,1
no_mask\5681.jpg,1
no_mask\5683.jpg,1
no_mask\5685.jpg,1
no_mask\5686.jpg,1
no_mask\5687.jpg,1
no_mask\5690.jpg,1
no_mask\5691.jpg,1
no_mask\5692.jpg,1
no_mask\5693.jpeg,1
no_mask\5694.jpg,1
no_mask\5697.jpg,1
no_mask\5698.jpg,1
no_mask\5699.jpg,1
no_mask\5700.jpg,1
no_mask\5707.jpg,1
no_mask\5709.jpg,1
no_mask\5710.jpg,1
no_mask\5715.jpg,1
no_mask\5743.jpg,1
no_mask\5747.jpg,1
no_mask\5752.jpg,1
no_mask\5756.jpg,1
no_mask\5761.jpg,1
no_mask\5762.jpg,1
no_mask\5787.jpg,1
no_mask\5798.jpg,1
no_mask\5799.jpg,1
no_mask\5801.jpg,1
no_mask\5806.jpg,1
no_mask\5807.jpg,1
no_mask\5808.jpg,1
no_mask\5809.jpg,1
no_mask\5824.jpg,1
no_mask\5838.jpg,1
no_mask\5848.jpg,1
no_mask\5849.jpg,1
no_mask\5855.jpg,1
no_mask\5856.jpg,1
no_mask\5858.jpg,1
no_mask\5864.jpg,1
no_mask\5865.jpg,1
no_mask\5868.jpg,1
no_mask\5876.jpg,1
no_mask\5881.jpg,1
no_mask\5883.jpg,1
no_mask\5903.jpg,1
no_mask\5910.jpg,1
no_mask\5911.jpg,1
no_mask\5912.jpg,1
no_mask\5915.jpg,1
no_mask\5917.jpg,1
no_mask\5918.jpg,1
no_mask\5922.jpg,1
no_mask\5925.jpeg,1
no_mask\5926.jpg,1
no_mask\5927.jpg,1
no_mask\5928.jpg,1
no_mask\5929.jpg,1
no_mask\5930.jpg,1
no_mask\5934.jpg,1
no_mask\5935.jpg,1
no_mask\5936.jpg,1
no_mask\5937.jpg,1
no_mask\5941.jpg,1
no_mask\5945.jpg,1
no_mask\5946.jpg,1
no_mask\5950.jpg,1
no_mask\5953.jpg,1
no_mask\5956.jpg,1
no_mask\5958.jpg,1
no_mask\5965.jpg,1
no_mask\5970.jpg,1
no_mask\5971.jpg,1
no_mask\5972.jpg,1
no_mask\5976.jpg,1
no_mask\5977.jpg,1
no_mask\5978.jpg,1
no_mask\5981.jpg,1
no_mask\5982.jpg,1
no_mask\5983.jpg,1
no_mask\5986.jpg,1
no_mask\5990.jpg,1
no_mask\5992.jpg,1
no_mask\5994.jpg,1
no_mask\5996.jpg,1
no_mask\5997.jpg,1
no_mask\6002.jpg,1
no_mask\6008.jpg,1
no_mask\6016.jpg,1
no_mask\6017.jpg,1
no_mask\6019.png,1
no_mask\6020.jpeg,1
no_mask\6022.jpg,1
no_mask\6023.jpg,1
no_mask\6024.jpg,1
no_mask\6026.jpg,1
no_mask\6027.jpg,1
no_mask\6029.jpg,1
no_mask\6030.jpg,1
no_mask\6032.jpg,1
no_mask\6034.jpg,1
no_mask\6035.jpg,1
no_mask\6037.jpg,1
no_mask\6038.jpg,1
no_mask\6039.jpg,1
no_mask\6040.jpg,1
no_mask\6043.jpg,1
no_mask\6047.jpg,1
no_mask\6056.jpg,1
no_mask\6058.jpg,1
no_mask\6061.jpg,1
no_mask\6065.jpg,1
no_mask\6069.jpg,1
no_mask\6070.jpg,1
no_mask\6071.jpg,1
no_mask\6072.jpg,1
no_mask\6075.jpg,1
no_mask\6076.jpg,1
no_mask\6078.jpg,1
no_mask\6079.jpg,1
no_mask\6081.jpg,1
no_mask\6083.jpg,1
no_mask\6084.jpg,1
no_mask\6086.jpg,1
no_mask\6087.png,1
no_mask\6091.jpeg,1
no_mask\6092.jpg,1
no_mask\6093.jpg,1
no_mask\6094.jpg,1
no_mask\6095.jpg,1
no_mask\6096.jpg,1
no_mask\6097.jpg,1
no_mask\6098.jpg,1
no_mask\6100.png,1
no_mask\6105.jpg,1
no_mask\6107.jpg,1
no_mask\6108.png,1
no_mask\6111.jpg,1
no_mask\6115.jpg,1
no_mask\6119.jpg,1
no_mask\6120.jpg,1
no_mask\6121.jpg,1
no_mask\6122.jpg,1
no_mask\6124.jpg,1
no_mask\6125.jpg,1
no_mask\6127.jpg,1
no_mask\6129.jpg,1
no_mask\6130.jpg,1
no_mask\6131.jpg,1
no_mask\6132.jpg,1
no_mask\6136.jpg,1
no_mask\6137.jpg,1
no_mask\6137.png,1
no_mask\6139.jpg,1
no_mask\6140.jpg,1
no_mask\6143.jpg,1
no_mask\6144.jpg,1
no_mask\6145.jpg,1
no_mask\6148.jpg,1
no_mask\6149.jpg,1
no_mask\6151.jpg,1
no_mask\6152.jpg,1
no_mask\6153.jpg,1
no_mask\6155.jpg,1
no_mask\6156.jpg,1
no_mask\6157.jpg,1
no_mask\6158.jpg,1
no_mask\6160.jpg,1
no_mask\6162.jpg,1
no_mask\6163.jpg,1
no_mask\6166.jpg,1
no_mask\6166.png,1
no_mask\6167.jpg,1
no_mask\6168.jpg,1
no_mask\6169.jpg,1
no_mask\6170.jpg,1
no_mask\6171.jpg,1
no_mask\6173.jpg,1
no_mask\6174.jpg,1
no_mask\6178.jpg,1
no_mask\6180.jpg,1
no_mask\6182.jpg,1
no_mask\6183.jpg,1
no_mask\6184.jpg,1
no_mask\6186.jpg,1
no_mask\6187.jpg,1
no_mask\6188.jpg,1
no_mask\6189.jpg,1
no_mask\6190.jpg,1
no_mask\6193.jpg,1
no_mask\6199.jpg,1
no_mask\6200.jpeg,1
no_mask\6201.jpg,1
no_mask\6203.jpg,1
no_mask\6205.jpg,1
no_mask\6206.jpg,1
no_mask\6208.jpg,1
no_mask\6210.jpg,1
no_mask\6212.jpg,1
no_mask\6213.jpg,1
no_mask\6215.jpg,1
no_mask\6218.jpg,1
no_mask\6219.jpg,1
no_mask\6221.jpg,1
no_mask\6224.jpg,1
no_mask\6229.jpg,1
no_mask\6231.jpg,1
no_mask\6233.jpg,1
no_mask\6234.jpg,1
no_mask\6238.jpg,1
no_mask\6244.jpg,1
no_mask\6246.jpg,1
no_mask\6249.jpg,1
no_mask\6255.jpg,1
no_mask\6258.jpg,1
no_mask\6261.jpg,1
no_mask\6262.jpg,1
no_mask\6263.jpg,1
no_mask\6264.jpg,1
no_mask\6265.jpg,1
no_mask\6268.jpg,1
no_mask\6269.jpg,1
no_mask\6271.jpg,1
no_mask\6272.jpg,1
no_mask\6274.jpg,1
no_mask\6275.jpg,1
no_mask\6276.jpg,1
no_mask\6277.jpg,1
no_mask\6279.jpg,1
no_mask\6280.jpg,1
no_mask\6283.jpg,1
no_mask\6285.jpg,1
no_mask\6289.jpg,1
no_mask\6296.jpg,1
no_mask\6300.jpg,1
no_mask\6302.jpg,1
no_mask\6304.jpg,1
no_mask\6305.jpg,1
no_mask\6306.jpg,1
no_mask\6307.jpg,1
no_mask\6308.jpg,1
no_mask\6312.jpg,1
no_mask\6317.jpg,1
no_mask\6319.jpg,1
no_mask\6322.jpg,1
no_mask\6323.jpg,1
no_mask\6324.jpg,1
no_mask\6326.jpg,1
no_mask\6327.jpg,1
no_mask\6329.jpg,1
no_mask\6330.jpg,1
no_mask\6331.jpg,1
no_mask\6332.jpg,1
no_mask\6335.jpg,1
no_mask\6337.jpg,1
no_mask\6339.jpg,1
no_mask\6340.jpg,1
no_mask\6345.jpg,1
no_mask\6346.jpg,1
no_mask\6347.jpg,1
no_mask\6348.jpg,1
no_mask\6350.jpg,1
no_mask\6351.jpg,1
no_mask\6352.jpg,1
no_mask\6354.jpg,1
no_mask\6356.jpeg,1
no_mask\6357.jpg,1
no_mask\6359.jpg,1
no_mask\6361.jpg,1
no_mask\6362.jpg,1
no_mask\6365.jpg,1
no_mask\6366.jpg,1
no_mask\6367.jpg,1
no_mask\6370.jpg,1
no_mask\6379.jpg,1
no_mask\6380.jpg,1
no_mask\6381.jpg,1
no_mask\6382.jpg,1
no_mask\6383.jpg,1
no_mask\6385.jpg,1
no_mask\6386.jpg,1